Workbook
Name Aa: '[1]ESPECTRO DE DISEÑO'!$C$7
Name Almacenamiento: TABLAS!$J$38:$J$39
Name Av: '[1]ESPECTRO DE DISEÑO'!$C$8
Name Crítico: #REF!
Name critico2: #REF!
Name Datos: #REF!
Name Educativos: TABLAS!$J$31:$J$34
Name Fa: TABLAS!#REF!
Name Fv: TABLAS!#REF!
Name Garajes: TABLAS!$J$40:$J$41
Name hp: 'ESPECTRO NSR-10'!$C$29
Name K: '[2]ESPECTRO DE DISEÑO'!$B$29
Name map: [2]MASA!$H$22
Name mt: [2]MASA!$H$26
Name MUNICIPIOS: TABLAS!$A$2:$A$1124
Name np: 'ESPECTRO NSR-10'!$C$31
Name Npisos: '[2]ESPECTRO DE DISEÑO'!$B$21
Name Oficinas: TABLAS!$J$28:$J$30
Name pConcreto: [2]EDIFICIO!$G$16
Name Residencial: TABLAS!$J$35:$J$37
Name Reuniones: TABLAS!$J$23:$J$27
Name Sa: '[2]ESPECTRO DE DISEÑO'!$B$28
Name SISTEMAS: TABLAS!$N$2:$N$5
Name SISTEMAS: [3]TABLAS!$M$2:$M$5
Name SUELO: TABLAS!#REF!
Name Ta: '[1]ESPECTRO DE DISEÑO'!$C$25
Name TipoSuelo: '[1]ESPECTRO DE DISEÑO'!$C$10
Name USO: TABLAS!#REF!
Name vS: [2]FHE!$C$12

Sheet TABLAS
A1: Municipio | B1: Código municipio | C1: ACELERACIÓN PICO EFECTIVA (Aa) | D1: VELOCIDAD PICO EFECTIVA (Av) | E1: Amenaza sísmica | F1: Ae | G1: Ad | N1: Sistema estructural | O1: Ct | P1: α
A2: Abejorral | B2: 5002 | C2: 0.15 | D2: 0.2 | E2: Alta | F2: 0.13 | G2: 0.07 | J2: CARGAS MUERTAS MUROS | N2: 1. Pórticos de concreto reforzado resistente a momentos | O2: 0.047 | P2: 0.9 | S2: Tablas de valores para el cálculo del espectro Fa
A3: Abrego | B3: 54003 | C3: 0.25 | D3: 0.2 | E3: Alta | F3: 0.07 | G3: 0.04 | N3: 2. Pórticos de acero estructural resistente a momentos | O3: 0.072 | P3: 0.8 | S3: Suelo\Aa | T3: 0.05 | U3: 0.1 | V3: 0.15 | W3: 0.2 | X3: 0.25 | Y3: 0.3 | Z3: 0.35 | AA3: 0.4 | AB3: 0.45 | AC3: 0.5
A4: Abriaquí | B4: 5004 | C4: 0.2 | D4: 0.25 | E4: Alta | F4: 0.13 | G4: 0.07 | J4: MUROS NO ESTRUCTURALES tabla B.3.4.2-4 | K4: Carga muertas (kN/m2) | N4: 3. Pórticos arriostrados de acero estructural | O4: 0.073 | P4: 0.75 | S4: A | T4: 0.8 | U4: 0.8 | V4: 0.8 | W4: 0.8 | X4: 0.8 | Y4: 0.8 | Z4: 0.8 | AA4: 0.8 | AB4: 0.8 | AC4: 0.8
A5: Acacias | B5: 50006 | C5: 0.3 | D5: 0.3 | E5: Alta | F5: 0.17 | G5: 0.06 | J5: Mamposteria de arcilla e = 0.10m | K5: 1.8 | N5: 4. Sistema estructural basado en muros de rigidez | O5: 0.049 | P5: 0.75 | S5: B | T5: 1 | U5: 1 | V5: 1 | W5: 1 | X5: 1 | Y5: 1 | Z5: 1 | AA5: 1 | AB5: 1 | AC5: 1
A6: Acandí | B6: 27006 | C6: 0.25 | D6: 0.25 | E6: Alta | F6: 0.09 | G6: 0.04 | J6: Mamposteria de arcilla e = 0.15m | K6: 2.5 | N6: 5. Combinado de porticos y muros de concreto reforzado | O6: =+AVERAGE(O2,O5) -> 0.048 | P6: =+AVERAGE(P2,P5) -> 0.825 | S6: C | T6: 1.2 | U6: 1.2 | V6: 1.2 | W6: 1.2 | X6: 1.15 | Y6: 1.1 | Z6: 1.05 | AA6: 1 | AB6: 1 | AC6: 1
A7: Acevedo | B7: 41006 | C7: 0.3 | D7: 0.15 | E7: Alta | F7: 0.17 | G7: 0.06 | J7: Mamposteria de arcilla e = 0.20m | K7: 3.1 | S7: D | T7: 1.6 | U7: 1.6 | V7: 1.5 | W7: 1.4 | X7: 1.3 | Y7: 1.2 | Z7: 1.15 | AA7: 1.1 | AB7: 1 | AC7: 0.9
A8: Achí | B8: 13006 | C8: 0.15 | D8: 0.15 | E8: Intermedia | F8: 0.07 | G8: 0.04 | J8: Mamposteria de arcilla e = 0.25m | K8: 3.8 | N8: Sistema estructural (tablas A.3-1:3 de la NSR-10) | O8: Ro | P8: Ωo | S8: E | T8: 2.5 | U8: 2.5 | V8: =+W8+(U8-W8)/2 -> 2.1 | W8: 1.7 | X8: =+Y8+(W8-Y8)/2 -> 1.45 | Y8: 1.2 | Z8: =+AA8+(Y8-AA8)/2 -> 1.05 | AA8: 0.9 | AB8: 0.9 | AC8: 0.9
A9: Agrado | B9: 41013 | C9: 0.3 | D9: 0.15 | E9: Alta | F9: 0.26 | G9: 0.08 | J9: Mamposteria de arcilla e = 0.30m | K9: 4.4 | N9: Muros estructurales de concreto (DES) | O9: 5 | P9: 2.5 | S9: F
A10: Agua de Dios | B10: 25001 | C10: 0.2 | D10: 0.2 | E10: Intermedia | F10: 0.11 | G10: 0.06 | N10: Muros de mamposteria reforzada de bloque perf. Vert. (DES) | O10: 3.5 | P10: 2.5 | S10: F1
A11: Aguachica | B11: 20011 | C11: 0.15 | D11: 0.15 | E11: Intermedia | F11: 0.08 | G11: 0.04 | N11: Muros de mamposteria reforzada de bloque perf. Vert. (DMO) | O11: 2.5 | P11: 2.5 | S11: F2
A12: Aguada | B12: 68013 | C12: 0.15 | D12: 0.2 | E12: Intermedia | F12: 0.17 | G12: 0.09 | J12: MUROS NO ESTRUCTURALES tabla B.3.4.2-4 | K12: Carga muertas (kN/m2) | N12: Muros de mamposteria parcialmente reforzada de bloque perf. Vert. | O12: 2 | P12: 2.5 | S12: F3
A13: Aguadas | B13: 17013 | C13: 0.25 | D13: 0.25 | E13: Alta | F13: 0.2 | G13: 0.1 | J13: Mamposteria de concreto e = 0.10m | K13: =24*0.1 -> 2.4 | N13: Porticos resistentes a momentos de concreto (DES) | O13: 7 | P13: 3 | S13: F4
A14: Aguazul | B14: 85010 | C14: 0.3 | D14: 0.2 | E14: Alta | F14: 0.14 | G14: 0.06 | J14: Mamposteria de concreto e = 0.12m | K14: =24*0.12 -> 2.88 | N14: Porticos resistentes a momentos de concreto (DMO) | O14: 5 | P14: 3 | S14: Tablas de valores para el cálculo del espectro Fv
A15: Agustín Codazzi | B15: 20013 | C15: 0.1 | D15: 0.1 | E15: Baja | F15: 0.07 | G15: 0.04 | J15: Mamposteria de concreto e = 0.15m | K15: =24*0.15 -> 3.6 | N15: Porticos resistentes a momentos de acero (DES) | O15: 7 | P15: 3 | S15: Suelo\Av | T15: 0.05 | U15: 0.1 | V15: 0.15 | W15: 0.2 | X15: 0.25 | Y15: 0.3 | Z15: 0.35 | AA15: 0.4 | AB15: 0.45 | AC15: 0.5
A16: Aipe | B16: 41016 | C16: 0.25 | D16: 0.25 | E16: Alta | F16: 0.14 | G16: 0.05 | J16: Mamposteria de concreto e = 0.16m | K16: =24*0.16 -> 3.84 | N16: Porticos resistentes a momentos de acero perfiles de lamina y PTE (DMI) | O16: 1.5 | P16: 1.5 | S16: A | T16: 0.8 | U16: 0.8 | V16: 0.8 | W16: 0.8 | X16: 0.8 | Y16: 0.8 | Z16: 0.8 | AA16: 0.8 | AB16: 0.8 | AC16: 0.8
A17: Albán | B17: 52019 | C17: 0.25 | D17: 0.25 | E17: Alta | F17: 0.16 | G17: 0.08 | J17: Mamposteria de concreto e = 0.20m | K17: =24*0.2 -> 4.8 | N17: Estructura de pendulo invertido de porticos de acero resistente momt. (DES) | O17: 2.5 | P17: 2 | S17: B | T17: 1 | U17: 1 | V17: 1 | W17: 1 | X17: 1 | Y17: 1 | Z17: 1 | AA17: 1 | AB17: 1 | AC17: 1
A18: Albán | B18: 25019 | C18: 0.15 | D18: 0.2 | E18: Intermedia | F18: 0.16 | G18: 0.06 | J18: Mamposteria de concreto e = 0.25m | K18: =24*0.25 -> 6 | S18: C | T18: 1.7 | U18: 1.7 | V18: 1.65 | W18: 1.6 | X18: 1.55 | Y18: 1.5 | Z18: 1.45 | AA18: 1.4 | AB18: 1.35 | AC18: 1.3
A19: Albania | B19: 44035 | C19: 0.1 | D19: 0.1 | E19: Baja | F19: 0.08 | G19: 0.04 | J19: Mamposteria de concreto e = 0.30m | K19: =24*0.3 -> 7.2 | S19: D | T19: 2.4 | U19: 2.4 | V19: 2.2 | W19: 2 | X19: 1.9 | Y19: 1.8 | Z19: 1.7 | AA19: 1.6 | AB19: 1.55 | AC19: 1.5
A20: Albania | B20: 18029 | C20: 0.15 | D20: 0.15 | E20: Intermedia | F20: 0.06 | G20: 0.04 | S20: E | T20: 3.5 | U20: 3.5 | V20: =+W20+(U20-W20)/2 -> 3.35 | W20: 3.2 | X20: =+Y20+(W20-Y20)/2 -> 3 | Y20: 2.8 | Z20: =+AA20+(Y20-AA20)/2 -> 2.6 | AA20: 2.4 | AB20: =+AC20+(AA20-AC20)/2 -> 2.4 | AC20: 2.4
A21: Albania | B21: 68020 | C21: 0.15 | D21: 0.15 | E21: Intermedia | F21: 0.09 | G21: 0.06 | I21: CARGAS VIVAS | S21: F
A22: Alcalá | B22: 76020 | C22: 0.25 | D22: 0.25 | E22: Alta | F22: 0.16 | G22: 0.1 | I22: Categoria | J22: Tipo de ocupacion | K22: Carga kN/m2 | S22: F1
A23: Aldana | B23: 52022 | C23: 0.25 | D23: 0.25 | E23: Alta | F23: 0.14 | G23: 0.08 | I23: Reuniones | J23: Balcones | K23: 5 | S23: F2
A24: Alejandría | B24: 5021 | C24: 0.15 | D24: 0.2 | E24: Intermedia | F24: 0.09 | G24: 0.05 | I24: Reuniones | J24: Corredores y escaleras | K24: 5 | S24: F3
A25: Algarrobo | B25: 47030 | C25: 0.1 | D25: 0.1 | E25: Baja | F25: 0.05 | G25: 0.02 | I25: Reuniones | J25: Silletería fija (fijada al piso) | K25: 3 | S25: F4
A26: Algeciras | B26: 41020 | C26: 0.3 | D26: 0.2 | E26: Alta | F26: 0.2 | G26: 0.08 | I26: Reuniones | J26: Silletería movil | K26: 5 | S26: Grupo de ocupación
A27: Almaguer | B27: 19022 | C27: 0.25 | D27: 0.25 | E27: Alta | F27: 0.16 | G27: 0.08 | I27: Reuniones | J27: Plataformas | K27: 5 | S27: 1 | T27: Grupo I: Estructuras de ocupación normal
A28: Almeida | B28: 15022 | C28: 0.25 | D28: 0.25 | E28: Alta | F28: 0.16 | G28: 0.08 | I28: Oficinas | J28: Corredores y escaleras | K28: 3 | S28: 1.1 | T28: Grupo II: Estructuras de ocupación especial
A29: Alpujarra | B29: 73024 | C29: 0.25 | D29: 0.25 | E29: Alta | F29: 0.14 | G29: 0.07 | I29: Oficinas | J29: Oficinas | K29: 2 | S29: 1.25 | T29: Grupo III: Edificaciones de atención a la comunidad
A30: Altamira | B30: 41026 | C30: 0.3 | D30: 0.15 | E30: Alta | F30: 0.2 | G30: 0.08 | I30: Oficinas | J30: Restaurantes | K30: 5 | S30: 1.5 | T30: Grupo IV: Edificaciones indispensables
A31: Alto Baudó | B31: 27025 | C31: 0.4 | D31: 0.4 | E31: Alta | F31: 0.24 | G31: 0.1 | I31: Educativos | J31: Salones de clase | K31: 2
A32: Altos del Rosario | B32: 13030 | C32: 0.15 | D32: 0.15 | E32: Intermedia | F32: 0.06 | G32: 0.03 | I32: Educativos | J32: Corredores y escaleras | K32: 5
A33: Alvarado | B33: 73026 | C33: 0.2 | D33: 0.2 | E33: Intermedia | F33: 0.13 | G33: 0.07 | I33: Educativos | J33: Bibliotecas - Salón lectura | K33: 2
A34: Amagá | B34: 5030 | C34: 0.15 | D34: 0.2 | E34: Alta | F34: 0.16 | G34: 0.09 | I34: Educativos | J34: Bibliotecas - Estanterias | K34: 7
A35: Amalfi | B35: 5031 | C35: 0.15 | D35: 0.2 | E35: Intermedia | F35: 0.07 | G35: 0.04 | I35: Residencial | J35: Balcones | K35: 5
A36: Ambalema | B36: 73030 | C36: 0.2 | D36: 0.2 | E36: Intermedia | F36: 0.1 | G36: 0.06 | I36: Residencial | J36: Cuartos privados y sus corredores | K36: 1.8
A37: Anapóima | B37: 25035 | C37: 0.15 | D37: 0.2 | E37: Intermedia | F37: 0.13 | G37: 0.06 | I37: Residencial | J37: Escaleras | K37: 3
A38: Ancuyá | B38: 52036 | C38: 0.25 | D38: 0.25 | E38: Alta | F38: 0.15 | G38: 0.08 | I38: Almacenamiento | J38: Livianos | K38: 6
A39: Andalucía | B39: 76036 | C39: 0.25 | D39: 0.25 | E39: Alta | F39: 0.14 | G39: 0.09 | I39: Almacenamiento | J39: Pesado | K39: 12
A40: Andes | B40: 5034 | C40: 0.25 | D40: 0.3 | E40: Alta | F40: 0.17 | G40: 0.1 | I40: Garajes | J40: Garajes para automoviles de pasajeros | K40: 2.5
A41: Angelópolis | B41: 5036 | C41: 0.2 | D41: 0.25 | E41: Alta | F41: 0.16 | G41: 0.08 | I41: Garajes | J41: Garajes para vehiculos de carga hasta 2 toneladas. | K41: 5
A42: Angostura | B42: 5038 | C42: 0.15 | D42: 0.2 | E42: Intermedia | F42: 0.09 | G42: 0.04
A43: Anolaima | B43: 25040 | C43: 0.15 | D43: 0.2 | E43: Intermedia | F43: 0.16 | G43: 0.06 | I43: Reuniones | J43: Corredores y escaleras | K43: {=+_xlfn.XLOOKUP(1,(I23:I41=I43) * (J23:J41=J43),K23:K41,"No encontrado")} -> 5
A44: Anorí | B44: 5040 | C44: 0.15 | D44: 0.2 | E44: Intermedia | F44: 0.07 | G44: 0.04
A45: Anserma | B45: 17042 | C45: 0.25 | D45: 0.3 | E45: Alta | F45: 0.2 | G45: 0.1
A46: Ansermanuevo | B46: 76041 | C46: 0.25 | D46: 0.3 | E46: Alta | F46: 0.16 | G46: 0.1
A47: Anzá | B47: 5044 | C47: 0.2 | D47: 0.25 | E47: Alta | F47: 0.14 | G47: 0.08
A48: Anzoátegui | B48: 73043 | C48: 0.2 | D48: 0.2 | E48: Intermedia | F48: 0.13 | G48: 0.08
A49: Apartadó | B49: 5045 | C49: 0.25 | D49: 0.25 | E49: Alta | F49: 0.19 | G49: 0.09
A50: Apía | B50: 66045 | C50: 0.3 | D50: 0.3 | E50: Alta | F50: 0.2 | G50: 0.1
A51: Apulo | B51: 25599 | C51: 0.2 | D51: 0.2 | E51: Intermedia | F51: 0.12 | G51: 0.06
A52: Aquitania | B52: 15047 | C52: 0.25 | D52: 0.3 | E52: Alta | F52: 0.16 | G52: 0.08
A53: Aracataca | B53: 47053 | C53: 0.1 | D53: 0.1 | E53: Baja | F53: 0.04 | G53: 0.02
A54: Aranzazu | B54: 17050 | C54: 0.25 | D54: 0.25 | E54: Alta | F54: 0.19 | G54: 0.09
A55: Aratoca | B55: 68051 | C55: 0.25 | D55: 0.25 | E55: Alta | F55: 0.11 | G55: 0.07
... A1124: Zona Bananera | B1124: 47980 | C1124: 0.1 | D1124: 0.1 | E1124: Baja | F1124: 0.08 | G1124: 0.02

Sheet ESPECTRO NSR-10
A1: T (seg) | B1: Sa
A2: 0 | B2: =IF(A2<=$E$33,2.5*$E$21*$E$27*$H$15,IF(AND(A2>$E$33,A2<=$E$34),1.2*$E$24*$E$30*$H$15/A2,1.2*$E$24*$E$30*$E$34*$H$15/(A2^2))) -> 0.9 | D2: Ubicación: | F2: Número de pisos: | H2: Altura edificio (m):
A3: =+A2+0.025 -> 0.025 | B3: =IF(A3<=$E$33,2.5*$E$21*$E$27*$H$15,IF(AND(A3>$E$33,A3<=$E$34),1.2*$E$24*$E$30*$H$15/A3,1.2*$E$24*$E$30*$E$34*$H$15/(A3^2))) -> 0.9 | D3: Pereira | F3: 16 | H3: 37.8
A4: =+A3+0.025 -> 0.05 | B4: =IF(A4<=$E$33,2.5*$E$21*$E$27*$H$15,IF(AND(A4>$E$33,A4<=$E$34),1.2*$E$24*$E$30*$H$15/A4,1.2*$E$24*$E$30*$E$34*$H$15/(A4^2))) -> 0.9
A5: =+A4+0.025 -> 0.075 | B5: =IF(A5<=$E$33,2.5*$E$21*$E$27*$H$15,IF(AND(A5>$E$33,A5<=$E$34),1.2*$E$24*$E$30*$H$15/A5,1.2*$E$24*$E$30*$E$34*$H$15/(A5^2))) -> 0.9 | D5: Sistema estructural:
A6: =+A5+0.025 -> 0.1 | B6: =IF(A6<=$E$33,2.5*$E$21*$E$27*$H$15,IF(AND(A6>$E$33,A6<=$E$34),1.2*$E$24*$E$30*$H$15/A6,1.2*$E$24*$E$30*$E$34*$H$15/(A6^2))) -> 0.9 | D6: 4. Sistema estructural basado en muros de rigidez
A7: =+A6+0.025 -> 0.125 | B7: =IF(A7<=$E$33,2.5*$E$21*$E$27*$H$15,IF(AND(A7>$E$33,A7<=$E$34),1.2*$E$24*$E$30*$H$15/A7,1.2*$E$24*$E$30*$E$34*$H$15/(A7^2))) -> 0.9 | I7: Ro
A8: =+A7+0.025 -> 0.15 | B8: =IF(A8<=$E$33,2.5*$E$21*$E$27*$H$15,IF(AND(A8>$E$33,A8<=$E$34),1.2*$E$24*$E$30*$H$15/A8,1.2*$E$24*$E$30*$E$34*$H$15/(A8^2))) -> 0.9 | D8: Sistema estructural (tablas A.3-1:3 de la NSR-10) | I8: =+VLOOKUP(D9,TABLAS!N9:P17,2,FALSE) -> 5
A9: =+A8+0.025 -> 0.175 | B9: =IF(A9<=$E$33,2.5*$E$21*$E$27*$H$15,IF(AND(A9>$E$33,A9<=$E$34),1.2*$E$24*$E$30*$H$15/A9,1.2*$E$24*$E$30*$E$34*$H$15/(A9^2))) -> 0.9 | D9: Muros estructurales de concreto (DES)
A10: =+A9+0.025 -> 0.2 | B10: =IF(A10<=$E$33,2.5*$E$21*$E$27*$H$15,IF(AND(A10>$E$33,A10<=$E$34),1.2*$E$24*$E$30*$H$15/A10,1.2*$E$24*$E$30*$E$34*$H$15/(A10^2))) -> 0.9 | I10: Ωo
A11: =+A10+0.025 -> 0.225 | B11: =IF(A11<=$E$33,2.5*$E$21*$E$27*$H$15,IF(AND(A11>$E$33,A11<=$E$34),1.2*$E$24*$E$30*$H$15/A11,1.2*$E$24*$E$30*$E$34*$H$15/(A11^2))) -> 0.9 | D11: Tipo de perfil de suelo (tabla A.2.4-1 de la NSR-10 ): | I11: =+VLOOKUP(D9,TABLAS!N9:P17,3,FALSE) -> 2.5
A12: =+A11+0.025 -> 0.25 | B12: =IF(A12<=$E$33,2.5*$E$21*$E$27*$H$15,IF(AND(A12>$E$33,A12<=$E$34),1.2*$E$24*$E$30*$H$15/A12,1.2*$E$24*$E$30*$E$34*$H$15/(A12^2))) -> 0.9 | D12: D | E12: Zona 3
A13: =+A12+0.025 -> 0.275 | B13: =IF(A13<=$E$33,2.5*$E$21*$E$27*$H$15,IF(AND(A13>$E$33,A13<=$E$34),1.2*$E$24*$E$30*$H$15/A13,1.2*$E$24*$E$30*$E$34*$H$15/(A13^2))) -> 0.9
A14: =+A13+0.025 -> 0.3 | B14: =IF(A14<=$E$33,2.5*$E$21*$E$27*$H$15,IF(AND(A14>$E$33,A14<=$E$34),1.2*$E$24*$E$30*$H$15/A14,1.2*$E$24*$E$30*$E$34*$H$15/(A14^2))) -> 0.9 | D14: Factor de importancia
A15: =+A14+0.025 -> 0.325 | B15: =IF(A15<=$E$33,2.5*$E$21*$E$27*$H$15,IF(AND(A15>$E$33,A15<=$E$34),1.2*$E$24*$E$30*$H$15/A15,1.2*$E$24*$E$30*$E$34*$H$15/(A15^2))) -> 0.9 | D15: Grupo I: Estructuras de ocupación normal | H15: =+INDEX(TABLAS!$S$27:$S$30,MATCH($D$15,TABLAS!$T$27:$T$30,0),1) -> 1 | I15: (NSR-10 A.2.5)
A16: =+A15+0.025 -> 0.35 | B16: =IF(A16<=$E$33,2.5*$E$21*$E$27*$H$15,IF(AND(A16>$E$33,A16<=$E$34),1.2*$E$24*$E$30*$H$15/A16,1.2*$E$24*$E$30*$E$34*$H$15/(A16^2))) -> 0.9
A17: =+A16+0.025 -> 0.375 | B17: =IF(A17<=$E$33,2.5*$E$21*$E$27*$H$15,IF(AND(A17>$E$33,A17<=$E$34),1.2*$E$24*$E$30*$H$15/A17,1.2*$E$24*$E$30*$E$34*$H$15/(A17^2))) -> 0.9 | D17: Nivel de amenaza sísmica:
A18: =+A17+0.025 -> 0.4 | B18: =IF(A18<=$E$33,2.5*$E$21*$E$27*$H$15,IF(AND(A18>$E$33,A18<=$E$34),1.2*$E$24*$E$30*$H$15/A18,1.2*$E$24*$E$30*$E$34*$H$15/(A18^2))) -> 0.9 | D18: =VLOOKUP(D3,TABLAS!A2:G1124,5,FALSE) -> Alta
A19: =+A18+0.025 -> 0.425 | B19: =IF(A19<=$E$33,2.5*$E$21*$E$27*$H$15,IF(AND(A19>$E$33,A19<=$E$34),1.2*$E$24*$E$30*$H$15/A19,1.2*$E$24*$E$30*$E$34*$H$15/(A19^2))) -> 0.9
A20: =+A19+0.025 -> 0.45 | B20: =IF(A20<=$E$33,2.5*$E$21*$E$27*$H$15,IF(AND(A20>$E$33,A20<=$E$34),1.2*$E$24*$E$30*$H$15/A20,1.2*$E$24*$E$30*$E$34*$H$15/(A20^2))) -> 0.9 | D20: Coeficiente de aceleración horizontal pico efectiva
A21: =+A20+0.025 -> 0.475 | B21: =IF(A21<=$E$33,2.5*$E$21*$E$27*$H$15,IF(AND(A21>$E$33,A21<=$E$34),1.2*$E$24*$E$30*$H$15/A21,1.2*$E$24*$E$30*$E$34*$H$15/(A21^2))) -> 0.9 | D21: Aa = | E21: =VLOOKUP(D3,TABLAS!A2:G1124,3,FALSE) -> 0.25
A22: =+A21+0.025 -> 0.5 | B22: =IF(A22<=$E$33,2.5*$E$21*$E$27*$H$15,IF(AND(A22>$E$33,A22<=$E$34),1.2*$E$24*$E$30*$H$15/A22,1.2*$E$24*$E$30*$E$34*$H$15/(A22^2))) -> 0.9
A23: =+A22+0.025 -> 0.525 | B23: =IF(A23<=$E$33,2.5*$E$21*$E$27*$H$15,IF(AND(A23>$E$33,A23<=$E$34),1.2*$E$24*$E$30*$H$15/A23,1.2*$E$24*$E$30*$E$34*$H$15/(A23^2))) -> 0.9 | D23: Coeficiente de velocidad horizontal pico efectiva
A24: =+A23+0.025 -> 0.55 | B24: =IF(A24<=$E$33,2.5*$E$21*$E$27*$H$15,IF(AND(A24>$E$33,A24<=$E$34),1.2*$E$24*$E$30*$H$15/A24,1.2*$E$24*$E$30*$E$34*$H$15/(A24^2))) -> 0.9 | D24: Av = | E24: =VLOOKUP(D3,TABLAS!A2:G1124,4,FALSE) -> 0.25
A25: =+A24+0.025 -> 0.575 | B25: =IF(A25<=$E$33,2.5*$E$21*$E$27*$H$15,IF(AND(A25>$E$33,A25<=$E$34),1.2*$E$24*$E$30*$H$15/A25,1.2*$E$24*$E$30*$E$34*$H$15/(A25^2))) -> 0.9
A26: =+A25+0.025 -> 0.6 | B26: =IF(A26<=$E$33,2.5*$E$21*$E$27*$H$15,IF(AND(A26>$E$33,A26<=$E$34),1.2*$E$24*$E$30*$H$15/A26,1.2*$E$24*$E$30*$E$34*$H$15/(A26^2))) -> 0.9 | D26: Coeficiente de amplificación que afecta la aceleración en la zona de períodos cortos
A27: =+A26+0.025 -> 0.625 | B27: =IF(A27<=$E$33,2.5*$E$21*$E$27*$H$15,IF(AND(A27>$E$33,A27<=$E$34),1.2*$E$24*$E$30*$H$15/A27,1.2*$E$24*$E$30*$E$34*$H$15/(A27^2))) -> 0.9 | D27: Fa= | E27: 1.44 | F27: Microzonificación sismica
A28: =+A27+0.025 -> 0.65 | B28: =IF(A28<=$E$33,2.5*$E$21*$E$27*$H$15,IF(AND(A28>$E$33,A28<=$E$34),1.2*$E$24*$E$30*$H$15/A28,1.2*$E$24*$E$30*$E$34*$H$15/(A28^2))) -> 0.9
A29: =+A28+0.025 -> 0.675 | B29: =IF(A29<=$E$33,2.5*$E$21*$E$27*$H$15,IF(AND(A29>$E$33,A29<=$E$34),1.2*$E$24*$E$30*$H$15/A29,1.2*$E$24*$E$30*$E$34*$H$15/(A29^2))) -> 0.9 | D29: Coeficiente de amplificación que afecta la aceleración en la zona de períodos intermedios.
A30: =+A29+0.025 -> 0.7 | B30: =IF(A30<=$E$33,2.5*$E$21*$E$27*$H$15,IF(AND(A30>$E$33,A30<=$E$34),1.2*$E$24*$E$30*$H$15/A30,1.2*$E$24*$E$30*$E$34*$H$15/(A30^2))) -> 0.9 | D30: Fv= | E30: 2.4 | F30: Microzonificación sismica
A31: =+A30+0.025 -> 0.725 | B31: =IF(A31<=$E$33,2.5*$E$21*$E$27*$H$15,IF(AND(A31>$E$33,A31<=$E$34),1.2*$E$24*$E$30*$H$15/A31,1.2*$E$24*$E$30*$E$34*$H$15/(A31^2))) -> 0.9
A32: =+A31+0.025 -> 0.75 | B32: =IF(A32<=$E$33,2.5*$E$21*$E$27*$H$15,IF(AND(A32>$E$33,A32<=$E$34),1.2*$E$24*$E$30*$H$15/A32,1.2*$E$24*$E$30*$E$34*$H$15/(A32^2))) -> 0.9 | D32: · TO = | E32: =0.1*(E24*E30)/(E21*E27) -> 0.16666667
A33: =+A32+0.025 -> 0.775 | B33: =IF(A33<=$E$33,2.5*$E$21*$E$27*$H$15,IF(AND(A33>$E$33,A33<=$E$34),1.2*$E$24*$E$30*$H$15/A33,1.2*$E$24*$E$30*$E$34*$H$15/(A33^2))) -> 0.9 | D33: · Tc = | E33: =0.48*(E24*E30)/(E21*E27) -> 0.8
A34: =+A33+0.025 -> 0.8 | B34: =IF(A34<=$E$33,2.5*$E$21*$E$27*$H$15,IF(AND(A34>$E$33,A34<=$E$34),1.2*$E$24*$E$30*$H$15/A34,1.2*$E$24*$E$30*$E$34*$H$15/(A34^2))) -> 0.9 | D34: · TL = | E34: =2.4*E30 -> 5.76
A35: =+A34+0.025 -> 0.825 | B35: =IF(A35<=$E$33,2.5*$E$21*$E$27*$H$15,IF(AND(A35>$E$33,A35<=$E$34),1.2*$E$24*$E$30*$H$15/A35,1.2*$E$24*$E$30*$E$34*$H$15/(A35^2))) -> 0.87272727
A36: =+A35+0.025 -> 0.85 | B36: =IF(A36<=$E$33,2.5*$E$21*$E$27*$H$15,IF(AND(A36>$E$33,A36<=$E$34),1.2*$E$24*$E$30*$H$15/A36,1.2*$E$24*$E$30*$E$34*$H$15/(A36^2))) -> 0.84705882 | D36: Donde,
A37: =+A36+0.025 -> 0.875 | B37: =IF(A37<=$E$33,2.5*$E$21*$E$27*$H$15,IF(AND(A37>$E$33,A37<=$E$34),1.2*$E$24*$E$30*$H$15/A37,1.2*$E$24*$E$30*$E$34*$H$15/(A37^2))) -> 0.82285714
A38: =+A37+0.025 -> 0.9 | B38: =IF(A38<=$E$33,2.5*$E$21*$E$27*$H$15,IF(AND(A38>$E$33,A38<=$E$34),1.2*$E$24*$E$30*$H$15/A38,1.2*$E$24*$E$30*$E$34*$H$15/(A38^2))) -> 0.8 | D38: T0 = Período de vibración, en segundos, correspondiente al inicio de la zona de desplazamiento
A39: =+A38+0.025 -> 0.925 | B39: =IF(A39<=$E$33,2.5*$E$21*$E$27*$H$15,IF(AND(A39>$E$33,A39<=$E$34),1.2*$E$24*$E$30*$H$15/A39,1.2*$E$24*$E$30*$E$34*$H$15/(A39^2))) -> 0.77837838 | D39: aproximadamente constante del espectro de diseño, para períodos largos. (NSR-10 A.2.6).
A40: =+A39+0.025 -> 0.95 | B40: =IF(A40<=$E$33,2.5*$E$21*$E$27*$H$15,IF(AND(A40>$E$33,A40<=$E$34),1.2*$E$24*$E$30*$H$15/A40,1.2*$E$24*$E$30*$E$34*$H$15/(A40^2))) -> 0.75789474 | D40: TC = Período de vibración, en segundos, correspondiente a la transición entre la zona de aceleración constante
A41: =+A40+0.025 -> 0.975 | B41: =IF(A41<=$E$33,2.5*$E$21*$E$27*$H$15,IF(AND(A41>$E$33,A41<=$E$34),1.2*$E$24*$E$30*$H$15/A41,1.2*$E$24*$E$30*$E$34*$H$15/(A41^2))) -> 0.73846154 | D41: del espectro de diseño, para períodos cortos, y la parte descendiente del mismo. (Véase A.2.6).
A42: =+A41+0.025 -> 1 | B42: =IF(A42<=$E$33,2.5*$E$21*$E$27*$H$15,IF(AND(A42>$E$33,A42<=$E$34),1.2*$E$24*$E$30*$H$15/A42,1.2*$E$24*$E$30*$E$34*$H$15/(A42^2))) -> 0.72 | D42: TL = Período de vibración correspondiente al inicio de la zona de aceleración constante del espectro de
A43: =+A42+0.025 -> 1.025 | B43: =IF(A43<=$E$33,2.5*$E$21*$E$27*$H$15,IF(AND(A43>$E$33,A43<=$E$34),1.2*$E$24*$E$30*$H$15/A43,1.2*$E$24*$E$30*$E$34*$H$15/(A43^2))) -> 0.70243902 | D43: diseño, para periodos largos.
A44: =+A43+0.025 -> 1.05 | B44: =IF(A44<=$E$33,2.5*$E$21*$E$27*$H$15,IF(AND(A44>$E$33,A44<=$E$34),1.2*$E$24*$E$30*$H$15/A44,1.2*$E$24*$E$30*$E$34*$H$15/(A44^2))) -> 0.68571429
A45: =+A44+0.025 -> 1.075 | B45: =IF(A45<=$E$33,2.5*$E$21*$E$27*$H$15,IF(AND(A45>$E$33,A45<=$E$34),1.2*$E$24*$E$30*$H$15/A45,1.2*$E$24*$E$30*$E$34*$H$15/(A45^2))) -> 0.66976744 | D45: Sistema estructural
A46: =+A45+0.025 -> 1.1 | B46: =IF(A46<=$E$33,2.5*$E$21*$E$27*$H$15,IF(AND(A46>$E$33,A46<=$E$34),1.2*$E$24*$E$30*$H$15/A46,1.2*$E$24*$E$30*$E$34*$H$15/(A46^2))) -> 0.65454545 | D46: 1. Pórticos de concreto reforzado resistente a momentos
A47: =+A46+0.025 -> 1.125 | B47: =IF(A47<=$E$33,2.5*$E$21*$E$27*$H$15,IF(AND(A47>$E$33,A47<=$E$34),1.2*$E$24*$E$30*$H$15/A47,1.2*$E$24*$E$30*$E$34*$H$15/(A47^2))) -> 0.64
A48: =+A47+0.025 -> 1.15 | B48: =IF(A48<=$E$33,2.5*$E$21*$E$27*$H$15,IF(AND(A48>$E$33,A48<=$E$34),1.2*$E$24*$E$30*$H$15/A48,1.2*$E$24*$E$30*$E$34*$H$15/(A48^2))) -> 0.62608696 | D48: Ct | E48: =+VLOOKUP(D6,TABLAS!N2:P6,2,FALSE) -> 0.049
A49: =+A48+0.025 -> 1.175 | B49: =IF(A49<=$E$33,2.5*$E$21*$E$27*$H$15,IF(AND(A49>$E$33,A49<=$E$34),1.2*$E$24*$E$30*$H$15/A49,1.2*$E$24*$E$30*$E$34*$H$15/(A49^2))) -> 0.61276596 | D49: α | E49: =+VLOOKUP(D6,TABLAS!N2:P6,3,FALSE) -> 0.75
A50: =+A49+0.025 -> 1.2 | B50: =IF(A50<=$E$33,2.5*$E$21*$E$27*$H$15,IF(AND(A50>$E$33,A50<=$E$34),1.2*$E$24*$E$30*$H$15/A50,1.2*$E$24*$E$30*$E$34*$H$15/(A50^2))) -> 0.6 | D50: Período de la Estructura
A51: =+A50+0.025 -> 1.225 | B51: =IF(A51<=$E$33,2.5*$E$21*$E$27*$H$15,IF(AND(A51>$E$33,A51<=$E$34),1.2*$E$24*$E$30*$H$15/A51,1.2*$E$24*$E$30*$E$34*$H$15/(A51^2))) -> 0.5877551 | D51: Altura del edificio | E51: =+H3 -> 37.8 | F51: m
A52: =+A51+0.025 -> 1.25 | B52: =IF(A52<=$E$33,2.5*$E$21*$E$27*$H$15,IF(AND(A52>$E$33,A52<=$E$34),1.2*$E$24*$E$30*$H$15/A52,1.2*$E$24*$E$30*$E$34*$H$15/(A52^2))) -> 0.576 | D52: Ta | E52: =+E48*E51^E49 -> 0.74699024 | F52: seg
A53: =+A52+0.025 -> 1.275 | B53: =IF(A53<=$E$33,2.5*$E$21*$E$27*$H$15,IF(AND(A53>$E$33,A53<=$E$34),1.2*$E$24*$E$30*$H$15/A53,1.2*$E$24*$E$30*$E$34*$H$15/(A53^2))) -> 0.56470588
A54: =+A53+0.025 -> 1.3 | B54: =IF(A54<=$E$33,2.5*$E$21*$E$27*$H$15,IF(AND(A54>$E$33,A54<=$E$34),1.2*$E$24*$E$30*$H$15/A54,1.2*$E$24*$E$30*$E$34*$H$15/(A54^2))) -> 0.55384615
A55: =+A54+0.025 -> 1.325 | B55: =IF(A55<=$E$33,2.5*$E$21*$E$27*$H$15,IF(AND(A55>$E$33,A55<=$E$34),1.2*$E$24*$E$30*$H$15/A55,1.2*$E$24*$E$30*$E$34*$H$15/(A55^2))) -> 0.54339623
A56: =+A55+0.025 -> 1.35 | B56: =IF(A56<=$E$33,2.5*$E$21*$E$27*$H$15,IF(AND(A56>$E$33,A56<=$E$34),1.2*$E$24*$E$30*$H$15/A56,1.2*$E$24*$E$30*$E$34*$H$15/(A56^2))) -> 0.53333333
A57: =+A56+0.025 -> 1.375 | B57: =IF(A57<=$E$33,2.5*$E$21*$E$27*$H$15,IF(AND(A57>$E$33,A57<=$E$34),1.2*$E$24*$E$30*$H$15/A57,1.2*$E$24*$E$30*$E$34*$H$15/(A57^2))) -> 0.52363636
A58: =+A57+0.025 -> 1.4 | B58: =IF(A58<=$E$33,2.5*$E$21*$E$27*$H$15,IF(AND(A58>$E$33,A58<=$E$34),1.2*$E$24*$E$30*$H$15/A58,1.2*$E$24*$E$30*$E$34*$H$15/(A58^2))) -> 0.51428571
A59: =+A58+0.025 -> 1.425 | B59: =IF(A59<=$E$33,2.5*$E$21*$E$27*$H$15,IF(AND(A59>$E$33,A59<=$E$34),1.2*$E$24*$E$30*$H$15/A59,1.2*$E$24*$E$30*$E$34*$H$15/(A59^2))) -> 0.50526316
A60: =+A59+0.025 -> 1.45 | B60: =IF(A60<=$E$33,2.5*$E$21*$E$27*$H$15,IF(AND(A60>$E$33,A60<=$E$34),1.2*$E$24*$E$30*$H$15/A60,1.2*$E$24*$E$30*$E$34*$H$15/(A60^2))) -> 0.49655172
A61: =+A60+0.025 -> 1.475 | B61: =IF(A61<=$E$33,2.5*$E$21*$E$27*$H$15,IF(AND(A61>$E$33,A61<=$E$34),1.2*$E$24*$E$30*$H$15/A61,1.2*$E$24*$E$30*$E$34*$H$15/(A61^2))) -> 0.48813559
A62: =+A61+0.025 -> 1.5 | B62: =IF(A62<=$E$33,2.5*$E$21*$E$27*$H$15,IF(AND(A62>$E$33,A62<=$E$34),1.2*$E$24*$E$30*$H$15/A62,1.2*$E$24*$E$30*$E$34*$H$15/(A62^2))) -> 0.48
A63: =+A62+0.025 -> 1.525 | B63: =IF(A63<=$E$33,2.5*$E$21*$E$27*$H$15,IF(AND(A63>$E$33,A63<=$E$34),1.2*$E$24*$E$30*$H$15/A63,1.2*$E$24*$E$30*$E$34*$H$15/(A63^2))) -> 0.47213115
A64: =+A63+0.025 -> 1.55 | B64: =IF(A64<=$E$33,2.5*$E$21*$E$27*$H$15,IF(AND(A64>$E$33,A64<=$E$34),1.2*$E$24*$E$30*$H$15/A64,1.2*$E$24*$E$30*$E$34*$H$15/(A64^2))) -> 0.46451613
... A242: =+A241+0.025 -> 6 | B242: =IF(A242<=$E$33,2.5*$E$21*$E$27*$H$15,IF(AND(A242>$E$33,A242<=$E$34),1.2*$E$24*$E$30*$H$15/A242,1.2*$E$24*$E$30*$E$34*$H$15/(A242^2))) -> 0.1152

Sheet Análisis de Cargas
B2: Carga Sobreimpuesta
B3: Zona | C3: Acabado | D3: Peso por m2 | E3: Total D_SP
B4: Cubierta | C4: Teja fibrocemento 14 mm | D4: 0.2 | E4: =+SUM(D4:D6) -> 0.55 | H4: U_B.2.4-5_1 DER_H
C5: Cieloraso | D5: 0.2 | H5: U_B.2.4-5_1 DER
C6: Correas | D6: 0.15 | H6: U_B.2.4-5_2 DER_H
C7: Espesor equivalente en concreto | D7: =+SUM(D4:D6)/24 -> 0.022916667 | H7: U_B.2.4-5_2 DER
B8: Auditorio | C8: Baldosa sobre mortero | D8: 1.1 | E8: =+SUM(D8:D9) -> 1.4 | H8: U_B.2.4-5_3 DER_H
C9: Cieloraso | D9: 0.3 | H9: U_B.2.4-5_3 DER
B10: C. Privados, Oficina y circulación | C10: Baldosa sobre mortero | D10: 1.1 | E10: =+SUM(D10:D11) -> 1.4 | H10: U_B.2.4-5_4 DER_H
C11: Cieloraso | D11: 0.3 | H11: U_B.2.4-5_4 DER
B12: Habitaciones | C12: Baldosa sobre mortero | D12: 0.8 | E12: =+SUM(D12:D13) -> 1.1 | H12: U_B.2.4-7_1 DER_H
C13: Cieloraso | D13: 0.3 | H13: U_B.2.4-7_1 DER
B14: Balcones y Terrazas | C14: Baldosa sobre mortero | D14: 1.1 | E14: =+SUM(D14:D15) -> 1.4 | H14: U_B.2.4-7_2 DER_H
C15: Cieloraso | D15: 0.3 | H15: U_B.2.4-7_2 DER
B16: Zona lavado | C16: Baldosa sobre mortero | D16: 1.1 | E16: =+SUM(D16:D17) -> 1.4 | H16: U_B.2.4-7_3 DER_H
C17: Cieloraso | D17: 0.3 | H17: U_B.2.4-7_3 DER
B18: Restaurante | C18: Baldosa sobre mortero | D18: 1.1 | E18: =+SUM(D18:D19) -> 1.4 | H18: U_B.2.4-7_4 DER_H
C19: Cieloraso | D19: 0.3 | H19: U_B.2.4-7_4 DER
B20: Almacenamiento | C20: Baldosa sobre mortero | D20: 1.1 | E20: =+SUM(D20:D21) -> 1.4
C21: Cieloraso | D21: 0.3
B22: Escalera | C22: Baldosa sobre mortero | D22: 1.1 | E22: =+SUM(D22:D22) -> 1.1
A26: ANÁLISIS ESTRUCTURAL SISMICO EDIFICIO INSTITUCIONAL - UNIESTATAL LA DORADA - CALDAS
A27: 1. PREDIMENSIONAMIENTO Y COORDINACIÓN CON LOS OTROS PROFESIONALES
A28: Definición del sistema estructural, dimensiones tentativas para evaluar preliminarmente las diferentes solicitaciones tales como: la masa de la
A29: estructura, las cargas muertas, las cargas vivas, los efectos sísmicos, y las fuerzas de viento. Estas dimensiones preliminares se coordinan
A30: con los otros profesionales que participan en el diseño.
A32: 2. EVALUACIÓN DE LAS SOLICITACIONES DEFINITIVAS
A33: Con las dimensiones de los elementos de la estructura definidas como resultado del paso 1, se evalúan todas las solicitaciones que pueden
A34: afectar la edificación de acuerdo con los requisitos del Titulo B de la NSR-10. Estas incluyen: el efecto gravitacional de la masa de los elementos
A35: estructurales, o peso propio, las cargas de acabados y elementos no estructurales, las cargas vivas, las fuerzas de viento, las deformaciones
A36: impuestas por las fuerzas de viento, las deformaciones impuestas por efectos reológicos de los materiales estructurales y asentamientos del
A37: suelo que da apoyo a la fundación. Así mismo se debe determinar la masa de la edificación y su contenido cuando así lo exige la NSR-10, la
A38: cual será empleada en la determinación de los efectos sísmicos.
... A44: Densidades de materiales
A45: gconc = | B45: 24 | C45: (Peso específico del concreto)
A46: gmamp = | B46: 16.5 | C46: (Peso específico de la mampostería)
A49: LOSA APARATAMENTOS PISO 1 AL 12
A50: W = | B50: 0.8 | C50: Baldosa ceramica+ 25mm de mortero
A51: TOTAL | B51: =SUM(B50:B50) -> 0.8
A53: Peso propio de losa
A54: W | B54: 2.88 | C54: Losa de 12 cm de espesor
A57: CARGA DE MUROS MAMPOSTERIA
B58: CARGA | C58: ALTURA MURO | D58: TIPO
A59: Wmuro no est = | B59: =+VLOOKUP(D59,TABLAS!$J$5:$L$9,2,FALSE)*C59 -> 0 | C59: 0 | D59: Mamposteria de arcilla e = 0.10m
A60: Wmuro no est = | B60: =+VLOOKUP(D60,TABLAS!$J$6:$L$10,2,FALSE)*C60 -> 0 | C60: 0 | D60: Mamposteria de arcilla e = 0.15m
B62: CARGA | C62: ALTURA MURO | D62: ALTURA VENT. | E62: TIPO
A63: Wmuro no est = | B63: =+VLOOKUP(E63,TABLAS!$J$5:$L$9,2,FALSE)*C63+0.45*D63 -> 0 | C63: 0 | D63: 0 | E63: Mamposteria de arcilla e = 0.10m
A64: Wmuro no est = | B64: =+VLOOKUP(E64,TABLAS!$J$5:$L$9,2,FALSE)*C64+0.45*D64 -> 0 | C64: 0 | D64: 0 | E64: Mamposteria de arcilla e = 0.10m
A66: CARGA DE MUROS CONCRETO
B67: CARGA | C67: ALTURA MURO | D67: TIPO
A68: Wmuro no est = | B68: =+VLOOKUP(D68,TABLAS!$J$13:$L$19,2,FALSE)*C68 -> 5.76 | C68: 2.4 | D68: Mamposteria de concreto e = 0.10m
A69: Wmuro no est = | B69: 0.84 | C69: 2.4 | D69: Muros no estructurales de división liviana
A71: Wmuro no est = | B71: =+VLOOKUP(D71,TABLAS!$J$13:$L$19,2,FALSE)*C71 -> 1.872 | C71: 0.65 | D71: Mamposteria de concreto e = 0.12m
A72: Wmuro no est = | B72: =+VLOOKUP(D72,TABLAS!$J$13:$L$19,2,FALSE)*C72 -> 3.6 | C72: 1.5 | D72: Mamposteria de concreto e = 0.10m
A73: Wmuro no est = | B73: =+VLOOKUP(D73,TABLAS!$J$13:$L$19,2,FALSE)*C73 -> 2.4 | C73: 1 | D73: Mamposteria de concreto e = 0.10m
A74: Wmuro no est = | B74: =+VLOOKUP(D74,TABLAS!$J$13:$L$19,2,FALSE)*C74 -> 8.64 | C74: 3 | D74: Mamposteria de concreto e = 0.12m
A76: CARGA DE MUROS CONCRETO con ventana
B77: CARGA | C77: ALTURA MURO | D77: ALTURA VENT. | E77: TIPO
A78: Wmuro no est = | B78: =+VLOOKUP(E78,TABLAS!$J$13:$L$19,2,FALSE)*C78+0.45*D78 -> 1.905 | C78: 0.4 | D78: 2.1 | E78: Mamposteria de concreto e = 0.10m
A79: Wmuro no est = | B79: =+VLOOKUP(E79,TABLAS!$J$13:$L$19,2,FALSE)*C79+0.45*D79 -> 2.88 | C79: 0.9 | D79: 1.6 | E79: Mamposteria de concreto e = 0.10m
A80: Wmuro no est = | B80: =+VLOOKUP(E80,TABLAS!$J$13:$L$19,2,FALSE)*C80+0.45*D80 -> 3.87 | C80: 1.5 | D80: 0.6 | E80: Mamposteria de concreto e = 0.10m
A82: CUBIERTA LIVIANA
A83: W = | B83: 0.2 | C83: Teja de fibrocemento
A84: W = | B84: 0.1 | C84: Correas metálicas
A85: W = | B85: 0.2 | C85: Cielo raso en yeso
A86: TOTAL | B86: =SUM(B83:B85) -> 0.5 | C86: Espesor equivalente | D86: =+B86/B45 -> 0.020833333
A87: Wantepecho = | B87: =+VLOOKUP(D87,TABLAS!$J$13:$L$19,2,FALSE)*C87 -> 2.88 | C87: 1.2 | D87: Mamposteria de concreto e = 0.10m
A89: PERGOLA
A90: W = | B90: 0.095 | C90: Correas metálicas en las pérgolas
A92: 2.2. CARGA VIVA (L):
A93: LOSA APARATAMENTOS
B94: CARGA | C94: CATEGORIA | D94: TIPO DE OCUPACIONES
A95: Carga viva (L): | B95: {=+_xlfn.XLOOKUP(1,(TABLAS!$I$23:$I$41='Análisis de Cargas'!C95) * (TABLAS!$J$23:$J$41='Análisis de Cargas'!D95),TABLAS!$K$23:$K$41,"No encontrado")} -> 1.8 | C95: Residencial | D95: Cuartos privados y sus corredores
A96: Carga viva (L): | B96: {=+_xlfn.XLOOKUP(1,(TABLAS!$I$23:$I$41='Análisis de Cargas'!C96) * (TABLAS!$J$23:$J$41='Análisis de Cargas'!D96),TABLAS!$K$23:$K$41,"No encontrado")} -> 3 | C96: Residencial | D96: Escaleras
A97: Carga viva (L): | B97: {=+_xlfn.XLOOKUP(1,(TABLAS!$I$23:$I$41='Análisis de Cargas'!C97) * (TABLAS!$J$23:$J$41='Análisis de Cargas'!D97),TABLAS!$K$23:$K$41,"No encontrado")} -> 5 | C97: Residencial | D97: Balcones
A99: LOSA NIVEL CUBIERTA
A100: Carga viva (Lr): | C100: 0.5 | D100: Carga viva de cubierta liviana
A101: Carga viva (Lr): | C101: 1.8 | D101: Carga viva de cubierta de losa
A103: 2.3. CARGA DE GRANIZO (G):
A104: Carga de granizo (G): | C104: No se considera
A105: * La estructura está localizada a una cota inferior a los 2000 m.s.n.m.
A107: 2.4. CARGA DE EMPUJE DE TIERRAS (H):
A108: Carga de empuje estatico de suelos:
A109: Según el estudio de suelos se tienen los siguientes datos
A110: g | B110: 13.8 | C110: kN/m3 | D110: ka | E110: 0.46
A111: f | B111: 21 | C111: ° | D111: kae | I111: =0.021*B110*E110*3.553 -> 0.47364332
A112: reducción | B112: 0.66666667 | D112: k0 | E112: =1-SIN(RADIANS(B111)) -> 0.64163205
A113: d | B113: =+B111*B112 -> 14 | C113: ° | D113: kv | J113: titulo b cargas antepechos y barandas B,4,2,2
A114: cos(d) | B114: =+COS(RADIANS(B113)) -> 0.97029573
A116: Diagrama de empujes aplicados en el modelo
A117: Datums | B117: Empujes [kN/m2] | C117: Ingresar valores Ec | E117: Ingresar valores en el modelo ETABS
A118: 0 | B118: 0 | C118: X | D118: -0.2331 | E118: C | F118: =1/D118 -> -4.2900043 | G118: variable
A119: -2.52 | B119: =ABS(A119*B110*B114*E112) -> 21.650593 | C119: Term ind | D119: 1.85 | E119: D | F119: =-D119/D118 -> 7.9365079 | G119: Term ind
A132: 2.5. CARGA DE VIENTO (W):
A133: De acuerdo con el Capítulo B.6.5 la estructura se clasifica como cerrada o parcialmente cerrada con h > 18m.
A134: En anexos a este informe se presenta el calculo de la presion de viento utilizada en diseño.
A135: W = | B135: 0.74 | C135: presión de viento calculada
B139: Cálculo de la carga de escaleras | I139: Cálculo de la carga de rampa | P139: Cálculo de la carga del sobre recorrido del cuarto de máquinas
B140: Cálculo de carga sobre la viga de las escaleras | E140: Peso concreto | F140: 24 | G140: KN/m3 | I140: Cálculo de carga sobre la viga de las escaleras | L140: Peso concreto | M140: 24 | N140: KN/m3 | P140: Ancho aferente largo | Q140: 2.6 | R140: m | S140: Peso concreto | T140: 24 | U140: KN/m3
B141: Longitud plana escaleras | C141: 3.86 | D141: m | I141: Longitud plana escaleras | J141: 3.18 | K141: m | P141: Ancho aferente corto | Q141: 1.07 | R141: m
...

Sheet Análisis
A1: 3. OBTENCION DEL NIVEL DE AMENAZA SÍSMICA Y LOS VALORES DE Aa Y Av
A2: Se localiza el lugar donde se construirá la edificación dentro de los mapas de zonificación sísmica dados en el Capitulo A.2 de la NSR-10 y en
A3: determinar el nivel de amenaza sísmica del lugar, de acuerdo con los valores de los parámetros Aa y Av obtenidos en los mapas de zonificación
A4: sísmica del Capitulo A.2. El nivel de amenaza sísmica se clasificará como alta, intermedia o baja. En el Apéndice A-4 se presenta una
A5: enumeración de los municipios colombianos, con su definición de la zona de amenaza sísmica y los valores de los parámetros Aa y Av.
A7: Localización: | C7: =+'ESPECTRO NSR-10'!D3 -> Pereira
A8: Nivel de amenaza sísmica: | C8: =+'ESPECTRO NSR-10'!D18 -> Alta
A9: Coeficiente de aceleración | C9: Aa = | D9: =+'ESPECTRO NSR-10'!E21 -> 0.25 | E9: =+'ESPECTRO NSR-10'!D20 -> Coeficiente de aceleración horizontal pico efectiva
C10: Av = | D10: =+'ESPECTRO NSR-10'!E24 -> 0.25 | E10: =+'ESPECTRO NSR-10'!D23 -> Coeficiente de velocidad horizontal pico efectiva
A12: 4. MOVIMIENTOS SÍSMICOS DE DISEÑO
A13: Deben definirse unos movimientos sísmicos de diseño en el lugar de la edificación, de acuerdo con los requisitos del Capitulo A.2 de la NSR-10
A14: y, en el caso de Edificaciones cubiertas por A.1.2.3.3 (Grupo III y IV), con los requisitos del Capitulo A.12 de la NSR-10, tomando en cuenta:
A15: (a) La amenaza sísmica para el lugar determinada en el punto 3, expresada a través de Aa y Av, o Ad, según aplique.
A16: (b) Las caracterisiticas de estratificacion del suelo subyacente en el lugar a traves de Fa y Fv.
A17: (c ) La imporancia de la edificacion para la recuperacion de la comunidad con posterioridad a la ocurrencia de un sismo a través de I.
A18: Las caracteristicas de los movimientos sismicos de diseño se expresan por medio de un espectro elastico de diseño, una familia de
A19: acelerogramas o resultados de una microzonificacion sismica.
A21: =+'ESPECTRO NSR-10'!D11 -> Tipo de perfil de suelo (tabla A.2.4-1 de la NSR-10 ): | G21: =+'ESPECTRO NSR-10'!D12 -> D
A22: =+'ESPECTRO NSR-10'!D26 -> Coeficiente de amplificación que afecta la aceleración en la zona de períodos cortos | G22: =+'ESPECTRO NSR-10'!D27 -> Fa= | H22: =+'ESPECTRO NSR-10'!E27 -> 1.44
A23: =+'ESPECTRO NSR-10'!D29 -> Coeficiente de amplificación que afecta la aceleración en la zona de períodos intermedios. | G23: =+'ESPECTRO NSR-10'!D30 -> Fv= | H23: =+'ESPECTRO NSR-10'!E30 -> 2.4
A24: =+'ESPECTRO NSR-10'!D14 -> Factor de importancia | C24: ='ESPECTRO NSR-10'!$D$15 -> Grupo I: Estructuras de ocupación normal | G24: =+'ESPECTRO NSR-10'!H15 -> 1
A25: Movimientos sísmicos de diseño: | C25: Expresados como el espectro elástico de diseño de la NSR-10.
A27: De acuerdo con la seccion A.2.6 de la NSR-10, se define el espectro elastico de aceleraciones, con Sa expresada como
A28: fracción de la gravedad, para un coeficiente de 5% del amortiguamiento critico.
A43: Espectro elástico de diseño de la NSR-10.
A45: Factor de importancia
A46: ='ESPECTRO NSR-10'!D15 -> Grupo I: Estructuras de ocupación normal | E46: ='ESPECTRO NSR-10'!H15 -> 1 | F46: ='ESPECTRO NSR-10'!I15 -> (NSR-10 A.2.5)
A48: Coeficiente de aceleración horizontal pico efectiva:
A49: ='ESPECTRO NSR-10'!D21 -> Aa = | B49: ='ESPECTRO NSR-10'!E21 -> 0.25
A51: Coeficiente de velocidad horizontal pico efectiva:
A52: ='ESPECTRO NSR-10'!D24 -> Av = | B52: ='ESPECTRO NSR-10'!E24 -> 0.25
A54: =+'ESPECTRO NSR-10'!D11 -> Tipo de perfil de suelo (tabla A.2.4-1 de la NSR-10 ):
A55: =+'ESPECTRO NSR-10'!D12 -> D
A57: Coeficiente de amplificación que afecta la aceleración en la zona de períodos cortos
A58: Fa= | B58: =+'ESPECTRO NSR-10'!E27 -> 1.44
A60: Coeficiente de amplificación que afecta la aceleración en la zona de períodos intermedios
A61: Fv= | B61: =+'ESPECTRO NSR-10'!E30 -> 2.4
A63: · TO = | B63: =+'ESPECTRO NSR-10'!E32 -> 0.16666667
A64: · Tc = | B64: =+'ESPECTRO NSR-10'!E33 -> 0.8
A65: · TL = | B65: =+'ESPECTRO NSR-10'!E34 -> 5.76
A67: Donde,
A69: T0 = Período de vibración, en segundos, correspondiente al inicio de la zona de desplazamiento aproximadamente constante del espectro de
A70: diseño, para períodos largos. (NSR-10 A.2.6).
A71: TC = Período de vibración, en segundos, correspondiente a la transición entre la zona de aceleración constantedel espectro de diseño, para
A72: períodos cortos, y la parte descendiente del mismo. (Véase A.2.6).
A73: TL = Período de vibración correspondiente al inicio de la zona de aceleración constante del espectro de diseño, para periodos largos.
A92: 5. CARACTERISTICAS DE LA ESTRUCTURACION Y DEL MATERIAL ESTRUCTURAL EMPLEADO
A93: El sistema estructural de resistencia sismica de la edificacion debe clasificarse dentro de uno de los sistemas estructurales prescritos en el
A94: Capitulo A.3: sistema de muros de carga, sistema combinado, sistema de portico, o sistema dual. Se definen las limitaciones del empleo de
A95: estos sistemas estructurales de resistencia sísmica en función de la zona de amenaza sismica donde se encuentra localizada la edificacion,
A96: del tipo de material utilizado, de la forma misma como se disponga en los elementos estructurales según esté en posibilidad de responder
A97: adecuadamente ante movimientos sismicos por medio de su capacidad de disipacion de energia la cual puede ser Especial (DES), Moderada
A98: (DMO) o minima (DMI), de la altura de la edificacion y de su grado de irregularidad.
A100: Sistema estructural de resistencia sísmica: | D100: =+'ESPECTRO NSR-10'!D6 -> 4. Sistema estructural basado en muros de rigidez
A101: Material: | D101: Concreto reforzado
A102: Capacidad de disipación de energía en el intervalo inelástico de respuesta: | F102: Especial (DES)
A103: Coeficiente básico de capacidad de disipación de energía: R_0 | E103: =+'ESPECTRO NSR-10'!I8 -> 5 | F103: (Ver NSR-10 tabla A.3-1.)
A104: Coeficiente de sobrerresistencia: W0 | E104: =+'ESPECTRO NSR-10'!I11 -> 2.5
A105: Uso permitido para zona de amenaza sismica | D105: =+$C$8 -> Alta | E105: SI
A106: Altura max. en zona de amenaza sismica | D106: =+$C$8 -> Alta | E106: 72m
A108: NOTAS:
A109: Cuando se utilizan sistemas prefabricados deben cumplirse los requisistos contenidos en A.3.1.7.
A110: Cuando se utilizan estructuras con (b) Sistema Combinado o (d) Sistema dual, estos deben cumplir los requisitos
A111: presentados en A.3.2.1 de la NSR-10.
A112: Cuando se combinan sistemas estructurales en altura se deben cumplir con los requisitos presentados en A.3.2.4.
A113: Cuando se combinan sistemas estructurales en planta se deben cumplir con los requisitos presentados en A.3.2.5.
A114: Cuando los requisitos del material estructural y grado de disipacion de energia requieran que los elementos fragiles o
A115: las conexiones se entre elementos se diseñen para fuerzas sismicas, E, amplificadas por el coeficiente de sobrerresistencia
A116: este debe emplearse de la siguiente manera para obtener las fuerzas de diseño que incluyen los efectos sismicos:
A119: Donde Fs correponde a las fuerzas sismicas obtenidas del analisis estructural, R es el coeficiente de disipacion de energia
A120: reducido, D corresponde a la carga muerta que actua sobre el elemento y el signo de la parte derecha es el que conduce
A121: al mayor valor de E, dependiendo del signo de Fs.
... A130: La edificación se considera irregular en planta (Ver Figura A.3-1) cuando ocurra, uno o varios, de los casos descritos en la
A131: Tabla A.3-6, donde se definen los valores del coeficiente de reduccion por irregularidades en planta | H131: f_p
A132: Irregularidad en planta: | C132: NP | D132: φp = | E132: =+IF(C132="1aP",0.9,IF(C132="1bP",0.8,IF(C132="2P",0.9,IF(C132="3P",0.9,IF(C132="4P",0.8,IF(C132="5P",0.9,IF(C132="NP",1,"Ingrese criterio valido"))))))) -> 1
A134: CONFIGURACION EN LA ALTURA
A135: La edificación se considera irregular en altura (Ver Figura A.3.-2) cuando ocurra, uno o varios, de los casos descritos en la
A136: Tabla A.3-7, donde se definen los valores del coeficiente de reduccion por irregularidades en altura | H136: f_a
A137: Irregularidad en altura: | C137: NP | D137: φa = | E137: =+IF(C137="1aA",0.9,IF(C137="1bA",0.8,IF(C137="2A",0.9,IF(C137="3A",0.9,IF(C137="4A",0.8,IF(C137="5aA",0.9,IF(C137="5bA",0.8,IF(C137="NP",1,"Ingrese criterio valido")))))))) -> 1
A139: EXCEPCIONES
A140: Excepciones para edificaciones a las irregularidades en altura de acuerdo con la seccion A.3.3.5.1
A141: Excepciones para edificaciones en zonas de amenaza sismica baja de los grupos I y II según A.3.3.6
A142: Excepciones para edificaciones en zonas de amenaza sismica intermedia del grupo I según A.3.3.7
A144: AUSENCIA DE REDUNDANCIA EN EL SISTEMA ESTRUCTURAL DE RESISTENCIA SISMICA
A145: Debe asignarse un factor de reduccion de resistencia por ausencia de redundancia en las dos direcciones principales asi:
A146: Edificaciones con sistema estructural con capacidad de disipacion de energia minima (DMI):
A147: El valor del factor de reduccion de resistencia por ausencia de redundancia en el sistema estructural de resistencia
A148: sismica es igual a: | C148: φr = | D148: 1
A150: Edificaciones con sistema estructural con capacidad de disipacion de energia moderada (DMO) o especial (DES):
A151: El valor del factor de reduccion de resistencia por ausencia de redundancia en el sistema estructural de resistencia
A152: sismica se le puede asignar un valor igual a: | D152: φr = | E152: 1 | F152: cuando en todos los pisos que resistan
A153: mas del 35% del cortante basal en la direccion bajo estudio, el sistema de resistencia sismica cumpla con las siguientes
A154: condiciones de redundancia:
A155: (a) Porticos con arriostramientos concentricos
A156: La falla de cualquiera de las diagonales o sus conexiones al portico no resulta en una reduccion de mas del 33% de la
A157: resistencia ante fuerzas horizontales ni produce una irregularidad torsional en planta extrema (Tipo 1bP)
A158: (b) Porticos con arriostramientos excentricos
A159: La pérdida de resistencia a momento o a cortante de los dos extremos de un vinculo no resulta en una reduccion de mas
A160: del 33% de la resistencia ante fuerzas horizontales ni produce una irregularidad torsional en planta extrema (Tipo 1bP)
A161: (c) Porticos resistentes a momentos
...
